Aisén, Región de AISÉN DEL GRAL. CARLOS IBAÑEZ DEL CAMPO
Algarrobo, Región de VALPARAÍSO
Alhué, Región METROPOLITANA DE SANTIAGO
Alto Biobío, Región del BIOBÍO
Alto del Carmen, Región de ATACAMA
Alto Hospicio, Región de TARAPACÁ
Ancud, Región de LOS LAGOS
Andacollo, Región de COQUIMBO
Angol, Región de LA ARAUCANÍA
Antártica, Región de MAGALLANES Y DE LA ANTÁRTICA CHILENA
Antofagasta, Región de ANTOFAGASTA
Antuco, Región del BIOBÍO
Arauco, Región del BIOBÍO
Arica, Región de ARICA Y PARINACOTA
Buin, Región METROPOLITANA DE SANTIAGO
Bulnes, Región del BIOBÍO
Cabildo, Región de VALPARAÍSO
Cabo de Hornos (Ex-Navarino), Región de MAGALLANES Y DE LA ANTÁRTICA CHILENA
Cabrero, Región del BIOBÍO
Calama, Región de ANTOFAGASTA
Calbuco, Región de LOS LAGOS
Caldera, Región de ATACAMA
Calera de Tango, Región METROPOLITANA DE SANTIAGO
Calera, Región de VALPARAÍSO
Calle Larga, Región de VALPARAÍSO
Camarones, Región de ARICA Y PARINACOTA
Camiña, Región de TARAPACÁ
Canela, Región de COQUIMBO
Cañete, Región del BIOBÍO
Carahue, Región de LA ARAUCANÍA
Cartagena, Región de VALPARAÍSO
Casablanca, Región de VALPARAÍSO
Castro, Región de LOS LAGOS
Catemu, Región de VALPARAÍSO
Cauquenes, Región del MAULE
Cerrillos, Región METROPOLITANA DE SANTIAGO
Cerro Navia, Región METROPOLITANA DE SANTIAGO
Chaitén, Región de LOS LAGOS
Chanco, Región del MAULE
Chañaral, Región de ATACAMA
Chépica, Región del LIBERTADOR GRAL. BERNARDO O'HIGGINS
Chiguayante, Región del BIOBÍO
Chile Chico, Región de AISÉN DEL GRAL. CARLOS IBAÑEZ DEL CAMPO
Chillán Viejo, Región del BIOBÍO
Chillán, Región del BIOBÍO
Chimbarongo, Región del LIBERTADOR GRAL. BERNARDO O'HIGGINS
Cholchol, Región de LA ARAUCANÍA
Chonchi, Región de LOS LAGOS
Cisnes, Región de AISÉN DEL GRAL. CARLOS IBAÑEZ DEL CAMPO
Cobquecura, Región del BIOBÍO
Cochamó, Región de LOS LAGOS
Cochrane, Región de AISÉN DEL GRAL. CARLOS IBAÑEZ DEL CAMPO
Codegua, Región del LIBERTADOR GRAL. BERNARDO O'HIGGINS
Coelemu, Región del BIOBÍO
Coihaique, Región de AISÉN DEL GRAL. CARLOS IBAÑEZ DEL CAMPO
Coihueco, Región del BIOBÍO
Coinco, Región del LIBERTADOR GRAL. BERNARDO O'HIGGINS
Colbún, Región del MAULE
Colchane, Región de TARAPACÁ
Colina, Región METROPOLITANA DE SANTIAGO
Collipulli, Región de LA ARAUCANÍA
Coltauco, Región del LIBERTADOR GRAL. BERNARDO O'HIGGINS
Combarbalá, Región de COQUIMBO
Concepción, Región del BIOBÍO
Conchalí, Región METROPOLITANA DE SANTIAGO
Concón, Región de VALPARAÍSO
Constitución, Región del MAULE
Contulmo, Región del BIOBÍO
Copiapó, Región de ATACAMA
Coquimbo, Región de COQUIMBO
Coronel, Región del BIOBÍO
Corral, Región de LOS RÍOS
Cunco, Región de LA ARAUCANÍA
Curacautín, Región de LA ARAUCANÍA
Curacaví, Región METROPOLITANA DE SANTIAGO
Curaco de Vélez, Región de LOS LAGOS
Curanilahue, Región del BIOBÍO
Curarrehue, Región de LA ARAUCANÍA
Curepto, Región del MAULE
Curicó, Región del MAULE
Dalcahue, Región de LOS LAGOS
Diego de Almagro, Región de ATACAMA
Doñihue, Región del LIBERTADOR GRAL. BERNARDO O'HIGGINS
El Bosque, Región METROPOLITANA DE SANTIAGO
El Carmen, Región del BIOBÍO
El Monte, Región METROPOLITANA DE SANTIAGO
El Quisco, Región de VALPARAÍSO
El Tabo, Región de VALPARAÍSO
Empedrado, Región del MAULE
Ercilla, Región de LA ARAUCANÍA
Estación Central, Región METROPOLITANA DE SANTIAGO
Florida, Región del BIOBÍO
Freire, Región de LA ARAUCANÍA
Freirina, Región de ATACAMA
Fresia, Región de LOS LAGOS
Frutillar, Región de LOS LAGOS
Futaleufú, Región de LOS LAGOS
Futrono, Región de LOS RÍOS
Galvarino, Región de LA ARAUCANÍA
General Lagos, Región de ARICA Y PARINACOTA
Gorbea, Región de LA ARAUCANÍA
Graneros, Región del LIBERTADOR GRAL. BERNARDO O'HIGGINS
Guaitecas, Región de AISÉN DEL GRAL. CARLOS IBAÑEZ DEL CAMPO
Hijuelas, Región de VALPARAÍSO
Hualaihué, Región de LOS LAGOS
Hualañé, Región del MAULE
Hualpén, Región del BIOBÍO
Hualqui, Región del BIOBÍO
Huara, Región de TARAPACÁ
Huasco, Región de ATACAMA
Huechuraba, Región METROPOLITANA DE SANTIAGO
Illapel, Región de COQUIMBO
Independencia, Región METROPOLITANA DE SANTIAGO
Iquique, Región de TARAPACÁ
Isla de Maipo, Región METROPOLITANA DE SANTIAGO
Isla de Pascua, Región de VALPARAÍSO
Juan Fernández, Región de VALPARAÍSO
La Cisterna, Región METROPOLITANA DE SANTIAGO
La Cruz, Región de VALPARAÍSO
La Estrella, Región del LIBERTADOR GRAL. BERNARDO O'HIGGINS
La Florida, Región METROPOLITANA DE SANTIAGO
La Granja, Región METROPOLITANA DE SANTIAGO
La Higuera, Región de COQUIMBO
La Ligua, Región de VALPARAÍSO
La Pintana, Región METROPOLITANA DE SANTIAGO
La Reina, Región METROPOLITANA DE SANTIAGO
La Serena, Región de COQUIMBO
La Unión, Región de LOS RÍOS
Lago Ranco, Región de LOS RÍOS
Lago Verde, Región de AISÉN DEL GRAL. CARLOS IBAÑEZ DEL CAMPO
Laguna Blanca, Región de MAGALLANES Y DE LA ANTÁRTICA CHILENA
Laja, Región del BIOBÍO
Lampa, Región METROPOLITANA DE SANTIAGO
Lanco, Región de LOS RÍOS
Las Cabras, Región del LIBERTADOR GRAL. BERNARDO O'HIGGINS
Las Condes, Región METROPOLITANA DE SANTIAGO
Lautaro, Región de LA ARAUCANÍA
Lebu, Región del BIOBÍO
Licantén, Región del MAULE
Limache, Región de VALPARAÍSO
Linares, Región del MAULE
Litueche, Región del LIBERTADOR GRAL. BERNARDO O'HIGGINS
Llaillay, Región de VALPARAÍSO
Llanquihue, Región de LOS LAGOS
Lo Barnechea, Región METROPOLITANA DE SANTIAGO
Lo Espejo, Región METROPOLITANA DE SANTIAGO
Lo Prado, Región METROPOLITANA DE SANTIAGO
Lolol, Región del LIBERTADOR GRAL. BERNARDO O'HIGGINS
Loncoche, Región de LA ARAUCANÍA
Longaví, Región del MAULE
Lonquimay, Región de LA ARAUCANÍA
Los Alamos, Región del BIOBÍO
Los Andes, Región de VALPARAÍSO
Los Angeles, Región del BIOBÍO
Los Lagos, Región de LOS RÍOS
Los Muermos, Región de LOS LAGOS
Los Sauces, Región de LA ARAUCANÍA
Los Vilos, Región de COQUIMBO
Lota, Región del BIOBÍO
Lumaco, Región de LA ARAUCANÍA
Machalí, Región del LIBERTADOR GRAL. BERNARDO O'HIGGINS
Macul, Región METROPOLITANA DE SANTIAGO
Máfil, Región de LOS RÍOS
Maipú, Región METROPOLITANA DE SANTIAGO
Malloa, Región del LIBERTADOR GRAL. BERNARDO O'HIGGINS
Marchihue, Región del LIBERTADOR GRAL. BERNARDO O'HIGGINS
María Elena, Región de ANTOFAGASTA
María Pinto, Región METROPOLITANA DE SANTIAGO
Mariquina, Región de LOS RÍOS
Maule, Región del MAULE
Maullín, Región de LOS LAGOS
Mejillones, Región de ANTOFAGASTA
Melipeuco, Región de LA ARAUCANÍA
Melipilla, Región METROPOLITANA DE SANTIAGO
Molina, Región del MAULE
Monte Patria, Región de COQUIMBO
Mostazal, Región del LIBERTADOR GRAL. BERNARDO O'HIGGINS
Mulchén, Región del BIOBÍO
Nacimiento, Región del BIOBÍO
Nancagua, Región del LIBERTADOR GRAL. BERNARDO O'HIGGINS
Natales, Región de MAGALLANES Y DE LA ANTÁRTICA CHILENA
Navidad, Región del LIBERTADOR GRAL. BERNARDO O'HIGGINS
Negrete, Región del BIOBÍO
Ninhue, Región del BIOBÍO
Nogales, Región de VALPARAÍSO
Nueva Imperial, Región de LA ARAUCANÍA
Ñiquén, Región del BIOBÍO
Ñuñoa, Región METROPOLITANA DE SANTIAGO
O'Higgins, Región de AISÉN DEL GRAL. CARLOS IBAÑEZ DEL CAMPO
Olivar, Región del LIBERTADOR GRAL. BERNARDO O'HIGGINS
Ollagüe, Región de ANTOFAGASTA
Olmué, Región de VALPARAÍSO
Osorno, Región de LOS LAGOS
Ovalle, Región de COQUIMBO
Padre Hurtado, Región METROPOLITANA DE SANTIAGO
Padre Las Casas, Región de LA ARAUCANÍA
Paiguano, Región de COQUIMBO
Paillaco, Región de LOS RÍOS
Paine, Región METROPOLITANA DE SANTIAGO
Palena, Región de LOS LAGOS
Palmilla, Región del LIBERTADOR GRAL. BERNARDO O'HIGGINS
Panguipulli, Región de LOS RÍOS
Panquehue, Región de VALPARAÍSO
Papudo, Región de VALPARAÍSO
Paredones, Región del LIBERTADOR GRAL. BERNARDO O'HIGGINS
Parral, Región del MAULE
Pedro Aguirre Cerda, Región METROPOLITANA DE SANTIAGO
Pelarco, Región del MAULE
Pelluhue, Región del MAULE
Pemuco, Región del BIOBÍO
Pencahue, Región del MAULE
Penco, Región del BIOBÍO
Peñaflor, Región METROPOLITANA DE SANTIAGO
Peñalolén, Región METROPOLITANA DE SANTIAGO
Peralillo, Región del LIBERTADOR GRAL. BERNARDO O'HIGGINS
Perquenco, Región de LA ARAUCANÍA
Petorca, Región de VALPARAÍSO
Peumo, Región del LIBERTADOR GRAL. BERNARDO O'HIGGINS
Pica, Región de TARAPACÁ
Pichidegua, Región del LIBERTADOR GRAL. BERNARDO O'HIGGINS
Pichilemu, Región del LIBERTADOR GRAL. BERNARDO O'HIGGINS
Pinto, Región del BIOBÍO
Pirque, Región METROPOLITANA DE SANTIAGO
Pitrufquén, Región de LA ARAUCANÍA
Placilla, Región del LIBERTADOR GRAL. BERNARDO O'HIGGINS
Portezuelo, Región del BIOBÍO
Porvenir, Región de MAGALLANES Y DE LA ANTÁRTICA CHILENA
Pozo Almonte, Región de TARAPACÁ
Primavera, Región de MAGALLANES Y DE LA ANTÁRTICA CHILENA
Providencia, Región METROPOLITANA DE SANTIAGO
Puchuncaví, Región de VALPARAÍSO
Pucón, Región de LA ARAUCANÍA
Pudahuel, Región METROPOLITANA DE SANTIAGO
Puente Alto, Región METROPOLITANA DE SANTIAGO
Puerto Montt, Región de LOS LAGOS
Puerto Octay, Región de LOS LAGOS
Puerto Varas, Región de LOS LAGOS
Pumanque, Región del LIBERTADOR GRAL. BERNARDO O'HIGGINS
Punitaqui, Región de COQUIMBO
Punta Arenas, Región de MAGALLANES Y DE LA ANTÁRTICA CHILENA
Puqueldón, Región de LOS LAGOS
Purén, Región de LA ARAUCANÍA
Purranque, Región de LOS LAGOS
Putaendo, Región de VALPARAÍSO
Putre, Región de ARICA Y PARINACOTA
Puyehue, Región de LOS LAGOS
Queilén, Región de LOS LAGOS
Quellón, Región de LOS LAGOS
Quemchi, Región de LOS LAGOS
Quilaco, Región del BIOBÍO
Quilicura, Región METROPOLITANA DE SANTIAGO
Quilleco, Región del BIOBÍO
Quillón, Región del BIOBÍO
Quillota, Región de VALPARAÍSO
Quilpué, Región de VALPARAÍSO
Quinchao, Región de LOS LAGOS
Quinta de Tilcoco, Región del LIBERTADOR GRAL. BERNARDO O'HIGGINS
Quinta Normal, Región METROPOLITANA DE SANTIAGO
Quintero, Región de VALPARAÍSO
Quirihue, Región del BIOBÍO
Rancagua, Región del LIBERTADOR GRAL. BERNARDO O'HIGGINS
Ránquil, Región del BIOBÍO
Rauco, Región del MAULE
Recoleta, Región METROPOLITANA DE SANTIAGO
Renaico, Región de LA ARAUCANÍA
Renca, Región METROPOLITANA DE SANTIAGO
Rengo, Región del LIBERTADOR GRAL. BERNARDO O'HIGGINS
Requínoa, Región del LIBERTADOR GRAL. BERNARDO O'HIGGINS
Retiro, Región del MAULE
Rinconada, Región de VALPARAÍSO
Río Bueno, Región de LOS RÍOS
Río Claro, Región del MAULE
Río Hurtado, Región de COQUIMBO
Río Ibáñez, Región de AISÉN DEL GRAL. CARLOS IBAÑEZ DEL CAMPO
Río Negro, Región de LOS LAGOS
Río Verde, Región de MAGALLANES Y DE LA ANTÁRTICA CHILENA
Romeral, Región del MAULE
Saavedra, Región de LA ARAUCANÍA
Sagrada Familia, Región del MAULE
Salamanca, Región de COQUIMBO
San Antonio, Región de VALPARAÍSO
San Bernardo, Región METROPOLITANA DE SANTIAGO
San Carlos, Región del BIOBÍO
San Clemente, Región del MAULE
San Esteban, Región de VALPARAÍSO
San Fabián, Región del BIOBÍO
San Felipe, Región de VALPARAÍSO
San Fernando, Región del LIBERTADOR GRAL. BERNARDO O'HIGGINS
San Gregorio, Región de MAGALLANES Y DE LA ANTÁRTICA CHILENA
San Ignacio, Región del BIOBÍO
San Javier, Región del MAULE
San Joaquín, Región METROPOLITANA DE SANTIAGO
San José de Maipo, Región METROPOLITANA DE SANTIAGO
San Juan de la Costa, Región de LOS LAGOS
San Miguel, Región METROPOLITANA DE SANTIAGO
San Nicolás, Región del BIOBÍO
San Pablo, Región de LOS LAGOS
San Pedro de Atacama, Región de ANTOFAGASTA
San Pedro de la Paz, Región del BIOBÍO
San Pedro, Región METROPOLITANA DE SANTIAGO
San Rafael, Región del MAULE
San Ramón, Región METROPOLITANA DE SANTIAGO
San Rosendo, Región del BIOBÍO
San Vicente, Región del LIBERTADOR GRAL. BERNARDO O'HIGGINS
Santa Bárbara, Región del BIOBÍO
Santa Cruz, Región del LIBERTADOR GRAL. BERNARDO O'HIGGINS
Santa Juana, Región del BIOBÍO
Santa María, Región de VALPARAÍSO
Santiago, Región METROPOLITANA DE SANTIAGO
Santo Domingo, Región de VALPARAÍSO
Sierra Gorda, Región de ANTOFAGASTA
Talagante, Región METROPOLITANA DE SANTIAGO
Talca, Región del MAULE
Talcahuano, Región del BIOBÍO
Taltal, Región de ANTOFAGASTA
Temuco, Región de LA ARAUCANÍA
Teno, Región del MAULE
Teodoro Schmidt, Región de LA ARAUCANÍA
Tierra Amarilla, Región de ATACAMA
Tiltil, Región METROPOLITANA DE SANTIAGO
Timaukel, Región de MAGALLANES Y DE LA ANTÁRTICA CHILENA
Tirúa, Región del BIOBÍO
Tocopilla, Región de ANTOFAGASTA
Toltén, Región de LA ARAUCANÍA
Tomé, Región del BIOBÍO
Torres del Paine, Región de MAGALLANES Y DE LA ANTÁRTICA CHILENA
Tortel, Región de AISÉN DEL GRAL. CARLOS IBAÑEZ DEL CAMPO
Traiguén, Región de LA ARAUCANÍA
Treguaco, Región del BIOBÍO
Tucapel, Región del BIOBÍO
Valdivia, Región de LOS RÍOS
Vallenar, Región de ATACAMA
Valparaíso, Región de VALPARAÍSO
Vichuquén, Región del MAULE
Victoria, Región de LA ARAUCANÍA
Vicuña, Región de COQUIMBO
Vilcún, Región de LA ARAUCANÍA
Villa Alegre, Región del MAULE
Villa Alemana, Región de VALPARAÍSO
Villarrica, Región de LA ARAUCANÍA
Viña del Mar, Región de VALPARAÍSO
Vitacura, Región METROPOLITANA DE SANTIAGO
Yerbas Buenas, Región del MAULE
Yumbel, Región del BIOBÍO
Yungay, Región del BIOBÍO
Zapallar, Región de VALPARAÍSO
